"hfpxzc href","qBF1Pd","MW4etd","UY7F9","W4Efsd","W4Efsd 2","W4Efsd 3","W4Efsd 4","W4Efsd 5","W4Efsd 6","UsdlK","Cw1rxd","R8c4Qb","Jn12ke src","ah5Ghc","doJOZc","lcr4fd href","Cw1rxd 2","R8c4Qb 2","W4Efsd 7","ah5Ghc 2","ah5Ghc 3"
"","","","","","","","","","","","","","","","","","","","","",""
"","","","","","","","","","","","","","","","","","","","","",""
"https://www.google.com/maps/place/Cardinal+Pet+Clinic/data=!4m7!3m6!1s0x3397b13984159299:0x9d14bc0416e906ce!8m2!3d14.6956976!4d121.0317689!16s%2Fg%2F11fmmn3qgc!19sChIJmZIVhDmxlzMRzgbpFgS8FJ0?authuser=0&hl=en&rclk=1","Cardinal Pet Clinic","4.7","(33)","Veterinarian","·","625 Bagbag, 625 Quirino Hwy","Closed","· Opens 9 AM","·","(02) 8938 0369","","Directions","https://ssl.gstatic.com/local/servicebusiness/default_user.png","""They took care of all my fur babies and I have a lot!!!""","","","","","","",""
"https://www.google.com/maps/place/Animed+Veterinary+Hospital/data=!4m7!3m6!1s0x3397b19a6ca013a3:0x95f247936696d661!8m2!3d14.7060758!4d121.0382107!16s%2Fg%2F11jx5xnz3g!19sChIJoxOgbJqxlzMRYdaWZpNH8pU?authuser=0&hl=en&rclk=1","Animed Veterinary Hospital","4.2","(90)","Veterinarian","·","·","753 Quirino Hwy","Open 24 hours","·","0965 469 7630","","Website","https://ssl.gstatic.com/local/servicebusiness/default_user.png","""They provide excellent customer service and top-notch quality care.""","","http://fb.me/animedvethospital/","","Directions","","",""
"https://www.google.com/maps/place/Pet+Vet+Animal+Health+Clinic/data=!4m7!3m6!1s0x3397b0df364996e9:0x3725b3af06dac2bb!8m2!3d14.7014908!4d121.035033!16s%2Fg%2F1pzv8twcc!19sChIJ6ZZJNt-wlzMRu8LaBq-zJTc?authuser=0&hl=en&rclk=1","Pet Vet Animal Health Clinic","3.7","(53)","Veterinary care","·","·","Closed","· Opens 9 AM","2nd Floor Nova Square Shopping Center, Quirino Highway, Pablo Dela Cruz Street, San Bartolome, Novaliches","0917 894 7956","","Directions","https://ssl.gstatic.com/local/servicebusiness/default_user.png","""Dr. Christian has diagnosed and treated Kaui really well.""","","","","","·","",""
"https://www.google.com/maps/place/Regalado+Veterinary+Medical+Center/data=!4m7!3m6!1s0x3397b0bd4e9e3e33:0x2225fd8065a9591c!8m2!3d14.7032457!4d121.0684344!16s%2Fg%2F11clyz2t8s!19sChIJMz6eTr2wlzMRHFmpZYD9JSI?authuser=0&hl=en&rclk=1","Regalado Veterinary Medical Center","4.0","(333)","Veterinarian","·","Regalado Ave","Open 24 hours","","·","0920 584 8794","","Directions","https://ssl.gstatic.com/local/servicebusiness/default_user.png","""Clean, well ventilated, nice and accommodating","","","","","","vet","doctors."""
"https://www.google.com/maps/place/Vet+911+Animal+Clinic+-+Kingspoint/data=!4m7!3m6!1s0x3397b1cbf8710507:0xfee6aae13736beb4!8m2!3d14.6990889!4d121.0236851!16s%2Fg%2F11thp49zsc!19sChIJBwVx-MuxlzMRtL42N-Gq5v4?authuser=0&hl=en&rclk=1","Vet 911 Animal Clinic - Kingspoint","4.2","(13)","Veterinarian","·","23 King Ferdinand St","Closed","· Opens 9 AM","","","","Directions","https://ssl.gstatic.com/local/servicebusiness/default_user.png","""Staff is very friendly and takes very good care of my furbaby.""","","","","","","",""
"https://www.google.com/maps/place/Serbisyo+Beterinaryo+Animal+Hospital+Quezon+City+24+Hrs+Pet+Emergency/data=!4m7!3m6!1s0x3397b16a4aefab31:0xbd595523d3e4dff1!8m2!3d14.7104177!4d121.0615318!16s%2Fg%2F11sw0bvbrb!19sChIJMavvSmqxlzMR8d_k0yNVWb0?authuser=0&hl=en&rclk=1","Serbisyo Beterinaryo Animal Hospital Quezon City 24 Hrs Pet Emergency","3.9","(279)","Veterinarian","·","·","Lot 24, Blk 9, Commonwealth Ave","Open 24 hours","·","0917 709 4124","","Website","https://ssl.gstatic.com/local/servicebusiness/default_user.png","""The","","https://www.facebook.com/sbahquezoncity","","Directions","","vet","explained everything clearly from the diagnosis to treatment plan."""
"https://www.google.com/maps/place/Holistic+Paws+Manila+Veterinary+Clinic+OPEN+24%2F7/data=!4m7!3m6!1s0x3397b76de8a5dc39:0x953ba173775e1f64!8m2!3d14.6732394!4d121.0569!16s%2Fg%2F11hdjdzxxr!19sChIJOdyl6G23lzMRZB9ed3OhO5U?authuser=0&hl=en&rclk=1","Holistic Paws Manila Veterinary Clinic OPEN 24/7","4.1","(71)","Veterinarian","·","9 Congressional Ave Ext","Open 24 hours","","·","0917 100 5395","","Directions","https://ssl.gstatic.com/local/servicebusiness/default_user.png","""They did boas emergency surgery on my french bulldog and it was successful.""","","","","","","",""
"https://www.google.com/maps/place/MedPaws+Veterinary+Clinic+and+Grooming+Services+-+Project+8/data=!4m7!3m6!1s0x2697a098ac96e733:0xa3e4b82b4d6924e8!8m2!3d14.6784541!4d121.0176867!16s%2Fg%2F11kjj6mv06!19sChIJM-eWrJiglyYR6CRpTSu45KM?authuser=0&hl=en&rclk=1","MedPaws Veterinary Clinic and Grooming Services - Project 8","2.6","(15)","Veterinarian","·","346 Quirino Hwy","Closed","· Opens 9 AM","·","0942 388 0260","","Directions","https://ssl.gstatic.com/local/servicebusiness/default_user.png","""Good and friendly","","","","","","vet",", they answer every question we have even through text."""
"https://www.google.com/maps/place/UP+Veterinary+Teaching+Hospital,+Diliman+Station/data=!4m7!3m6!1s0x3397b76debabf957:0x8221199ec0f85261!8m2!3d14.651898!4d121.0608949!16s%2Fg%2F1tmxnk1r!19sChIJV_mr6223lzMRYVL4wJ4ZIYI?authuser=0&hl=en&rclk=1","UP Veterinary Teaching Hospital, Diliman Station","4.5","(254)","Veterinarian","·","·","Closed","· Opens 7 AM","101 E. Jacinto Street","(02) 8928 5436","","Directions","https://ssl.gstatic.com/local/servicebusiness/default_user.png","""most reasonably priced consultation fees, Lab tests, xrays, and meds too !!""","","","","","·","",""
"https://www.google.com/maps/place/Bido+Veterinary+Clinic+-+Congressional+Avenue+Extension/data=!4m7!3m6!1s0x3397b78bc61d1b57:0xca86719f26ff2774!8m2!3d14.6736724!4d121.0521239!16s%2Fg%2F11ssfb0xqq!19sChIJVxsdxou3lzMRdCf_Jp9xhso?authuser=0&hl=en&rclk=1","Bido Veterinary Clinic - Congressional Avenue Extension","4.2","(29)","Emergency veterinarian service","·","Congressional Ave Ext","·","Open 24 hours","","0918 234 5668","","Website","https://ssl.gstatic.com/local/servicebusiness/default_user.png","""Very reliable and very reasonable price ❤️""","","https://www.facebook.com/BidoVeterinaryClinic","","Directions","","",""
"https://www.google.com/maps/place/Pendragon+Veterinary+Clinic+24%2F7+Emergency+ON+CALL/data=!4m7!3m6!1s0x3397b70af0e37f0b:0xe11449878783271!8m2!3d14.643609!4d121.053859!16s%2Fg%2F1vrq7523!19sChIJC3_j8Aq3lzMRcTJ4eJhEEQ4?authuser=0&hl=en&rclk=1","Pendragon Veterinary Clinic 24/7 Emergency ON CALL","4.3","(249)","Veterinarian","·","·","Ground Floor Amaremca Bldg. 107A Kalayaan avenue, Diliman","Open 24 hours","·","(02) 8812 0957","","Website","https://ssl.gstatic.com/local/servicebusiness/default_user.png","""Brought my two cats here and there doctors are well educated and friendly!!""","","http://www.pendragonvet.com/","","Directions","","",""
"https://www.google.com/maps/place/Congressional+Animal+Clinic/data=!4m7!3m6!1s0x3397b6ef37511ba7:0x4db428b5ae954329!8m2!3d14.6613085!4d121.0202615!16s%2Fg%2F11bw1xjjgp!19sChIJpxtRN--2lzMRKUOVrrUotE0?authuser=0&hl=en&rclk=1","Congressional Animal Clinic","4.3","(453)","Animal hospital","·","Ramon Magsaysay, 28 Congressional Ave","Closed","· Opens 9 AM","·","0977 761 0343","","Directions","https://ssl.gstatic.com/local/servicebusiness/default_user.png","""Good doctors and affordable rates and","","","","","","medicines","for pets."""
"https://www.google.com/maps/place/Vet+911+Animal+Clinic/data=!4m7!3m6!1s0x3397b72952ed501b:0xc5aaa17765e61d32!8m2!3d14.6677102!4d121.0204827!16s%2Fg%2F11j7brnsd0!19sChIJG1DtUim3lzMRMh3mZXehqsU?authuser=0&hl=en&rclk=1","Vet 911 Animal Clinic","4.3","(109)","Veterinarian","·","·","Closed","· Opens 9 AM","51 Shorthorn St","0932 618 4116","","Directions","https://ssl.gstatic.com/local/servicebusiness/default_user.png","""Quality","","","","","·","services","but a little pricey."""
"https://www.google.com/maps/place/Philippine+College+of+Veterinary+Public+Health/data=!4m7!3m6!1s0x3397b719d661cbdb:0x95c133c07442571!8m2!3d14.6604357!4d121.0448364!16s%2Fg%2F11bzvy_d_0!19sChIJ28th1hm3lzMRcSVEBzwTXAk?authuser=0&hl=en&rclk=1","Philippine College of Veterinary Public Health","","","High school","·","M26V+5WG, Visayas Ave","","","","(02) 8924 3119","","Directions","","","","","","","","",""
"https://www.google.com/maps/place/Blessed+Veterinary+Clinic/data=!4m7!3m6!1s0x3397b71a87dbdca7:0x7569db8da5a89a12!8m2!3d14.6510113!4d121.0179032!16s%2Fg%2F1q6j20xyc!19sChIJp9zbhxq3lzMREpqopY3baXU?authuser=0&hl=en&rclk=1","Blessed Veterinary Clinic","4.2","(674)","Animal hospital","·","·","281-C Fernando Poe Jr. Ave","Open 24 hours","·","(02) 8921 9634","","Website","https://ssl.gstatic.com/local/servicebusiness/default_user.png","""They performed enema on my dog and found another underlying problem.""","","https://blessedvets.com/","","Directions","","",""
"https://www.google.com/maps/place/College+Of+Veterinary+Medicine+-+De+La+Salle+Araneta+University/data=!4m7!3m6!1s0x3397b7b95abbfa5f:0xc48f47912475ef3e!8m2!3d14.6705425!4d120.9981173!16s%2Fg%2F11g0s51y8t!19sChIJX_q7Wrm3lzMRPu91JJFHj8Q?authuser=0&hl=en&rclk=1","College Of Veterinary Medicine - De La Salle Araneta University","3.7","(15)","Educational institution","·","·","Park, 80 Victoneta Ave","","","3309128","","Website","","","","http://dlsau.edu.ph/","","Directions","","",""
"https://www.google.com/maps/place/Bretton+Woods+Veterinary+Clinic+%26+Distemper+Recovery+Center/data=!4m7!3m6!1s0x3397b7a9eb9b1b4b:0xa7854399df3ff403!8m2!3d14.6245171!4d121.0414705!16s%2Fg%2F11h3b2h0z1!19sChIJSxub66m3lzMRA_Q_35lDhac?authuser=0&hl=en&rclk=1","Bretton Woods Veterinary Clinic & Distemper Recovery Center","4.0","(480)","Emergency veterinarian service","·","·","Open 24 hours","","Hillcrest Condominium, E Rodriguez Sr. Ave","0968 273 7441","","Directions","https://ssl.gstatic.com/local/servicebusiness/default_user.png","""Clean clinic and affordable rates.""","","","","","·","",""
"https://www.google.com/maps/place/Vetlink+Veterinary+Services+-+A+Community+Vet+Clinic/data=!4m7!3m6!1s0x3397b7a71d1adfc5:0x1e8b41b7e5ef7004!8m2!3d14.6472082!4d121.0267235!16s%2Fg%2F11klvrkkf2!19sChIJxd8aHae3lzMRBHDv5bdBix4?authuser=0&hl=en&rclk=1","Vetlink Veterinary Services - A Community Vet Clinic","4.8","(150)","Veterinarian","·","·","47 Ilagan","Closed","·","0945 352 7727","","Website","https://ssl.gstatic.com/local/servicebusiness/default_user.png","""Very kind doctors and affordable","","http://www.vetlinkveterinaryservices.com/","","Directions","· Opens 9 AM","medical services","."""
"https://www.google.com/maps/place/Doc+Ferds+Animal+Wellness+Center/data=!4m7!3m6!1s0x3397b65223104983:0xbccf27f76281f27c!8m2!3d14.636636!4d121.025977!16s%2Fg%2F11crzwwtmy!19sChIJg0kQI1K2lzMRfPKBYvcnz7w?authuser=0&hl=en&rclk=1","Doc Ferds Animal Wellness Center","4.2","(148)","Animal hospital","·","109 GF, Jiao Building, 2 Timog Ave","·","Open 24 hours","","(02) 7753 1341","","Website","https://ssl.gstatic.com/local/servicebusiness/default_user.png","""It's actually cheaper than other","","https://docferdsanimalwellness.com/","","Directions","","vet","clinics in the area."""
"https://www.google.com/maps/place/QUEZON+CITY+VETERINARY+DEPARTMENT/data=!4m7!3m6!1s0x3397b7d393eec891:0xf827f9e630d7a0df!8m2!3d14.6458007!4d121.0517906!16s%2Fg%2F11h0pry1ty!19sChIJkcjuk9O3lzMR36DXMOb5J_g?authuser=0&hl=en&rclk=1","QUEZON CITY VETERINARY DEPARTMENT","4.2","(5)","Government office","·","4th Floor City Health Building Makatarungan street, cor Kalayaan Ave","Closed","· Opens 8 AM","·","(02) 8988 4242","","Directions","","","","","","","","",""
"https://www.google.com/maps/place/Dela+Salle+Araneta+University+Veterinary+Teaching+Hospital/data=!4m7!3m6!1s0x3397b69edf8f09c1:0xc2f27a60d01d5084!8m2!3d14.6705029!4d120.99848!16s%2Fg%2F1hc2503xg!19sChIJwQmP3562lzMRhFAd0GB68sI?authuser=0&hl=en&rclk=1","Dela Salle Araneta University Veterinary Teaching Hospital","4.5","(49)","Veterinarian","·","·","MXCX+695, Victoneta Ave","Closed","·","(02) 8330 9128","","Website","https://ssl.gstatic.com/local/servicebusiness/default_user.png","""They have good doctors here.""","","http://www.dlsau.edu.ph/","","Directions","· Opens 8 AM","",""
"https://www.google.com/maps/place/Philippine+Animal+Medical+Center/data=!4m7!3m6!1s0x3397b7a794a36045:0x7405dbb5b49baa9!8m2!3d14.6112198!4d121.0754869!16s%2Fg%2F11f8jydn6p!19sChIJRWCjlKe3lzMRqbpJW7tdQAc?authuser=0&hl=en&rclk=1","Philippine Animal Medical Center","4.2","(170)","Animal hospital","·","RV Mansion, 168 Bldg Eulogio Rodriguez Jr. Ave","·","Closed","","(02) 8351 4914","","Website","https://ssl.gstatic.com/local/servicebusiness/default_user.png","""The doctors and staff are very friendly and professional.""","","http://www.facebook.com/PhilAMedC","","Directions","· Opens 9 AM","",""
"https://www.google.com/maps/place/Vis+Medicatrix+Naturae+Veterinary+Clinic/data=!4m7!3m6!1s0x3397b737ab09ee69:0xc1816a2e0b9021d2!8m2!3d14.6637153!4d121.021749!16s%2Fg%2F11frtg9v0l!19sChIJae4Jqze3lzMR0iGQCy5qgcE?authuser=0&hl=en&rclk=1","Vis Medicatrix Naturae Veterinary Clinic","5.0","(36)","Veterinarian","·","69 Congressional Ave","","Closed","","","","Website","https://ssl.gstatic.com/local/servicebusiness/default_user.png","""Very accommodating & reasonably priced for their","","http://fb.me/VMNCLINIC","","Directions","· Opens 9:30 AM","services","."""
"https://www.google.com/maps/place/Dr.+Love+PET+Clinic/data=!4m7!3m6!1s0x3397b7d81c6b7361:0xf7f74388a70a4c91!8m2!3d14.664766!4d121.039666!16s%2Fg%2F11j4r_3jxg!19sChIJYXNrHNi3lzMRkUwKp4hD9_c?authuser=0&hl=en&rclk=1","Dr. Love PET Clinic","4.3","(31)","Veterinarian","·","Unit A and Unit C, 112 Rd 3","Closed","· Opens 10 AM","·","0961 361 6681","","Directions","https://ssl.gstatic.com/local/servicebusiness/default_user.png","""And the","","","","","","vet",", Dr. Jade is very patient, explaining everyrhing."""
"https://www.google.com/maps/place/Pets+Perfect+Animal+Clinic/data=!4m7!3m6!1s0x3397b1e4fe4b28c9:0x7b590cfd0dc2aa49!8m2!3d14.7126729!4d121.0401543!16s%2Fg%2F11h5nmwt52!19sChIJyShL_uSxlzMRSarCDf0MWXs?authuser=0&hl=en&rclk=1","Pets Perfect Animal Clinic","4.8","(18)","Medical clinic","·","Unit 4, EPS Building Arcade, 848 Quirino Hwy","Closed","· Opens 9 AM","·","(02) 7617 8342","","Directions","https://ssl.gstatic.com/local/servicebusiness/default_user.png","""Mura pa and at the same time effective prescription!""","","","","","","",""
"https://www.google.com/maps/place/Pawprint+Veterinary+Clinic+l+Quezon+City/data=!4m7!3m6!1s0x3397b7cd9954255f:0xb46f29a829fafa14!8m2!3d14.6611912!4d121.0354508!16s%2Fg%2F11vrcz3xzz!19sChIJXyVUmc23lzMRFPr6Kagpb7Q?authuser=0&hl=en&rclk=1","Pawprint Veterinary Clinic l Quezon City","1.8","(16)","Veterinarian","·","107 H Road 8, cor Rd 13","·","Open 24 hours","","0917 794 0723","","Website","","","","https://www.facebook.com/61555220092160/professional_dashboard/insights/?ref=comet_direct_url_navigation","","Directions","","",""
"https://www.google.com/maps/place/Holy+Spirit+Animal+Clinic/data=!4m7!3m6!1s0x3397ba0082ecff95:0xf7aaed740d845e3c!8m2!3d14.6827749!4d121.0792932!16s%2Fg%2F11bc7rx5zw!19sChIJlf_sggC6lzMRPF6EDXTtqvc?authuser=0&hl=en&rclk=1","Holy Spirit Animal Clinic","4.2","(226)","Veterinarian","·","62 Holy Spirit Dr","Closed","· Opens 9 AM","·","(02) 8994 1058","","Directions","https://ssl.gstatic.com/local/servicebusiness/default_user.png","""Love the people and the care they provide for my cats.""","","","","","","",""
"https://www.google.com/maps/place/DMV+Pagamutang+Panghayop+Veterinary+Clinic/data=!4m7!3m6!1s0x3397b149f6292495:0x122b2ca0ac486a77!8m2!3d14.6952254!4d121.0099526!16s%2Fg%2F11ckvl1wd8!19sChIJlSQp9kmxlzMRd2pIrKAsKxI?authuser=0&hl=en&rclk=1","DMV Pagamutang Panghayop Veterinary Clinic","4.4","(61)","Veterinarian","·","3147 F. Bautista","·","Closed","","0906 025 4055","","Website","https://ssl.gstatic.com/local/servicebusiness/default_user.png","""They are very accommodating and they know what to do with your pets.""","","http://facebook.com/pagamutangpanghayop","","Directions","· Opens 10 AM","",""
"https://www.google.com/maps/place/Vetropolitan+Animal+Clinic/data=!4m7!3m6!1s0xa83daf15ada3dd07:0x1a0febce882a44b4!8m2!3d14.6384572!4d121.0375018!16s%2Fg%2F11x991kq4g!19sChIJB92jrRWvPagRtEQqiM7rDxo?authuser=0&hl=en&rclk=1","Vetropolitan Animal Clinic","5.0","(29)","Veterinarian","·","Wil Tower, Scout Albano Ave","·","Closed","","0995 331 3393","","Website","https://ssl.gstatic.com/local/servicebusiness/default_user.png","""Friendly and caring staff, knowledgeable","","https://www.facebook.com/profile.php?id=61577166290440","","Directions","· Opens 10 AM Wed","vet",", and a clean, welcoming clinic."""
"https://www.google.com/maps/place/Mount+Sinai+Veterinary+Practice+QC/data=!4m7!3m6!1s0x3397b7965151c203:0x41e8ae1a5099c672!8m2!3d14.6409698!4d121.0408397!16s%2Fg%2F11f9zj01v_!19sChIJA8JRUZa3lzMRcsaZUBqu6EE?authuser=0&hl=en&rclk=1","Mount Sinai Veterinary Practice QC","4.4","(40)","Animal hospital","·","·","Closed","· Opens 9 AM","C3-Retail 21 Eton Centris EDSA corner Quezon Avenue Barangay","(02) 7500 8990","","Directions","https://ssl.gstatic.com/local/servicebusiness/default_user.png","""The vets are experts in their field and have a wealth of experience.""","","","","","·","",""
"https://www.google.com/maps/place/Doc+Ferds+Animal+Wellness+Center+North+Edsa/data=!4m7!3m6!1s0x3397b7a3b2f6bcbf:0xb6473868d10bbc16!8m2!3d14.6579346!4d121.0191224!16s%2Fg%2F11mjv9rl7_!19sChIJv7z2sqO3lzMRFrwL0Wg4R7Y?authuser=0&hl=en&rclk=1","Doc Ferds Animal Wellness Center North Edsa","4.4","(58)","Veterinarian","·","#3 T&K Building, Congressional Avenue Corner EDSA, Baranggay","Closed","· Opens 9 AM","·","0917 159 2021","","Directions","https://ssl.gstatic.com/local/servicebusiness/default_user.png","""They have complete","","","","","","medical","assessment tools and equipment."""
"https://www.google.com/maps/place/CONSULT+A+VET-+Tandang+Sora+Branch/data=!4m7!3m6!1s0x3397b762397c938f:0x38888ccd2cb3dc5d!8m2!3d14.6690236!4d121.0544592!16s%2Fg%2F11mtdg_w_s!19sChIJj5N8OWK3lzMRXdyzLM2MiDg?authuser=0&hl=en&rclk=1","CONSULT A VET- Tandang Sora Branch","3.4","(37)","Veterinarian","·","·","besides BDO, Royal Midway Plaza Building, Tandang Sora Ave","Closed","·","0945 574 5974","","Website","https://ssl.gstatic.com/local/servicebusiness/default_user.png","""They have high technology to accommodate pet’s need.""","","https://www.facebook.com/ConsultAVetAnimalHospital/","","Directions","· Opens 7 AM","",""
"https://www.google.com/maps/place/Manila+East+Veterinary+Care+%28MEVC%29/data=!4m7!3m6!1s0x3397b617c6d23011:0x7b47e5f3231861a4!8m2!3d14.6227228!4d121.0277224!16s%2Fg%2F11f092dfgc!19sChIJETDSxhe2lzMRpGEYI_PlR3s?authuser=0&hl=en&rclk=1","Manila East Veterinary Care (MEVC)","4.8","(62)","Veterinarian","·","In between Metro Supermarket and Fresenius Kidney Care Dialysis Center, 1052 E Rodriguez Sr. Ave","Closed","· Opens 8 AM","·","0961 118 2230","","Directions","https://ssl.gstatic.com/local/servicebusiness/default_user.png","""They took care of my cat very well during her ckd journey.""","","","","","","",""
"https://www.google.com/maps/place/The+Veterinary+Hub+Pte+Corp+Morato/data=!4m7!3m6!1s0x3397b7adc5a1731b:0xf809707f8127e209!8m2!3d14.62576!4d121.033758!16s%2Fg%2F11jgdcg6_3!19sChIJG3Ohxa23lzMRCeIngX9wCfg?authuser=0&hl=en&rclk=1","The Veterinary Hub Pte Corp Morato","4.7","(10)","Animal hospital","·","unit 8 gf 74 tomas morato CREEKSIDE SQUARE BLDG, 74 Tomas Morato Ave","Open 24 hours","","·","0917 859 3838","","Directions","https://ssl.gstatic.com/local/servicebusiness/default_user.png","""We highly recommend this clinic and their emergency response team.""","","","","","","",""
"https://www.google.com/maps/place/Nhet%27s+Animal+Shoppe+%26+Veterinary+Supply/data=!4m7!3m6!1s0x3397b15ecbef93bb:0xc9168f92856e5da2!8m2!3d14.707282!4d120.9918441!16s%2Fg%2F1pztc48j8!19sChIJu5Pvy16xlzMRol1uhZKPFsk?authuser=0&hl=en&rclk=1","Nhet's Animal Shoppe & Veterinary Supply","4.2","(60)","Pet supply store","·","CVC, Paso de Blas Rd","Closed","· Opens 8 AM","·","(02) 3440 2366","","Directions","https://ssl.gstatic.com/local/servicebusiness/default_user.png","""They take care of your fur baby well""","","","","","","",""
"https://www.google.com/maps/place/Gusi+Animal+Clinic/data=!4m7!3m6!1s0x3397b09de341fda7:0x22a1b4fa3f440186!8m2!3d14.7053196!4d121.0785516!16s%2Fg%2F11bw1yxc54!19sChIJp_1B452wlzMRhgFEP_q0oSI?authuser=0&hl=en&rclk=1","Gusi Animal Clinic","4.5","(176)","Animal hospital","·","89 Commonwealth Ave","Closed","· Opens 8:30 AM","·","(02) 7728 2313","","Directions","https://ssl.gstatic.com/local/servicebusiness/default_user.png","""They were very quick to assist us and give our dog","","","","","","medications","she needed."""
"https://www.google.com/maps/place/Vets+In+Practice+Quezon+City+Inc./data=!4m7!3m6!1s0x3397b7f106fab27b:0x35ac9a3215988f8d!8m2!3d14.6201074!4d121.0729159!16s%2Fg%2F11ckqrbqtl!19sChIJe7L6BvG3lzMRjY-YFTKarDU?authuser=0&hl=en&rclk=1","Vets In Practice Quezon City Inc.","3.9","(358)","Veterinarian","·","·","Blue Ridge, 220 C5 Katipunan Ave","Closed","·","(02) 8962 1551","","Website","https://ssl.gstatic.com/local/servicebusiness/default_user.png","""Their doctors and","","http://www.vetsinpractice.ph/","","Directions","· Opens 9 AM","vet","assistants are competent and knowledgeable."""
"https://www.google.com/maps/place/Vet+Street+Animal+Medical+Center/data=!4m7!3m6!1s0x3397b5d71feef099:0xd1d815bdbb2c520d!8m2!3d14.643921!4d120.983388!16s%2Fg%2F11gfj54vlf!19sChIJmfDuH9e1lzMRDVIsu70V2NE?authuser=0&hl=en&rclk=1","Vet Street Animal Medical Center","4.2","(75)","Veterinarian","·","·","Closed","· Opens 10 AM","51, 337 Rizal Ave Ext","0967 021 5288","","Directions","https://ssl.gstatic.com/local/servicebusiness/default_user.png","""Aside from check ups, they sell pet food,","","","","","·","medicines",", supplies, etc."""
"https://www.google.com/maps/place/Vetsharp+Animal+Health+%26+Wellness+Center+-+Veterans/data=!4m7!3m6!1s0x3397b786033d3153:0x8e6a793690e425c!8m2!3d14.6553214!4d121.0270511!16s%2Fg%2F11vc95r94_!19sChIJUzE9A4a3lzMRXEIOaZOn5gg?authuser=0&hl=en&rclk=1","Vetsharp Animal Health & Wellness Center - Veterans","5.0","(10)","Veterinarian","·","Brgy veterans village, 161 Bansalangin","Closed","· Opens 10 AM","·","0945 712 1688","","Directions","https://ssl.gstatic.com/local/servicebusiness/default_user.png","""Quite affordable than other","","","","","","vet","clinics around QC."""
"https://www.google.com/maps/place/Pet%27s+Avenue+Veterinary+Medical+Clinic+Corp./data=!4m7!3m6!1s0x3397b7cd80891a5d:0x7ded8227581115de!8m2!3d14.6451441!4d121.0274955!16s%2Fg%2F11fp32l980!19sChIJXRqJgM23lzMR3hURWCeC7X0?authuser=0&hl=en&rclk=1","Pet's Avenue Veterinary Medical Clinic Corp.","4.5","(18)","Veterinarian","·","PG Building, 63-E West Ave","Closed","· Opens 8 AM","·","0905 729 0892","","Directions","https://ssl.gstatic.com/local/servicebusiness/default_user.png","""Very responsive to calls and they have a","","","","","","vet","on duty at all times."""
"https://www.google.com/maps/place/Vetmate+Farma+Corporation/data=!4m7!3m6!1s0x3397b6fcc23fd167:0x9b0b8bad57f00ca4!8m2!3d14.6537111!4d121.02981!16s%2Fg%2F11bzvvsndw!19sChIJZ9E_wvy2lzMRpAzwV62LC5s?authuser=0&hl=en&rclk=1","Vetmate Farma Corporation","3.7","(6)","Veterinarian","·","3rd Floor, JAFER Building, 118, West Avenue","","","","(02) 8927 3334","","Directions","https://ssl.gstatic.com/local/servicebusiness/default_user.png","""Hi Vetmate Farma!""","","","","","","",""
"https://www.google.com/maps/place/Bureau+of+Animal+Industry-+Laboratory+Services+Division-Veterinary+Biologics+Standardization+Section/data=!4m7!3m6!1s0x3397b716cc15fc49:0xb14454aaa9e11dda!8m2!3d14.6578991!4d121.0488511!16s%2Fg%2F11r8xms9g!19sChIJSfwVzBa3lzMR2h3hqapURLE?authuser=0&hl=en&rclk=1","Bureau of Animal Industry- Laboratory Services Division-Veterinary Biologics Standardization Section","4.0","(2)","Government","·","·","","","M25X+5G5","","","Directions","","","","","","","","",""
"https://www.google.com/maps/place/BVC+Bernardino+Veterinary+Clinic/data=!4m7!3m6!1s0x3397b4054fb22769:0x6b21f717b30e1c16!8m2!3d14.684256!4d120.977004!16s%2Fg%2F11bwq713h7!19sChIJaSeyTwW0lzMRFhwOsxf3IWs?authuser=0&hl=en&rclk=1","BVC Bernardino Veterinary Clinic","4.7","(55)","Veterinary care","·","·","211 MacArthur Hwy","Closed","·","(02) 8819 4805","","Website","https://ssl.gstatic.com/local/servicebusiness/default_user.png","""Best doctor has passion for treating pets""","","https://www.facebook.com/pages/Bernardino-Veterinary-Clinic/153093884876583","","Directions","· Opens 10 AM","",""
"https://www.google.com/maps/place/Vets+at+Work+Veterinary+Clinic/data=!4m7!3m6!1s0x3397bbbb9f4454ed:0x2db599b8c709e66f!8m2!3d14.6787127!4d121.0815106!16s%2Fg%2F11vd9qygkr!19sChIJ7VREn7u7lzMRb-YJx7iZtS0?authuser=0&hl=en&rclk=1","Vets at Work Veterinary Clinic","4.5","(8)","Veterinarian","·","Lot 23 Block 6 Holy Spirit Drive, Don Antonio Dr","","","","","","Directions","https://ssl.gstatic.com/local/servicebusiness/default_user.png","""Friendly vets and not too crowded.""","","","","","","",""
"https://www.google.com/maps/place/Dimla+Veterinary+Clinic/data=!4m7!3m6!1s0x3397b0b22a9020c1:0xcbd467fd19c6c819!8m2!3d14.6862152!4d121.0651877!16s%2Fg%2F11b8zk7gtx!19sChIJwSCQKrKwlzMRGcjGGf1n1Ms?authuser=0&hl=en&rclk=1","Dimla Veterinary Clinic","4.7","(23)","Veterinary care","·","Pacita, 121 Sampaguita Ave","","","","(02) 3431 4140","","Directions","https://ssl.gstatic.com/local/servicebusiness/default_user.png","""the","","","","","","veterinarian","is very knowledgeable"""
"https://www.google.com/maps/place/Petlink+-+10th+Avenue,+Caloocan/data=!4m7!3m6!1s0x3397b5b292e3911f:0x13025af65d0350ee!8m2!3d14.6517852!4d120.9799729!16s%2Fg%2F11j013tcj0!19sChIJH5HjkrK1lzMR7lADXfZaAhM?authuser=0&hl=en&rclk=1","Petlink - 10th Avenue, Caloocan","3.3","(164)","Emergency veterinarian service","·","173 West, Macario Asistio Sr","·","Open 24 hours","","0905 471 1129","","Website","https://ssl.gstatic.com/local/servicebusiness/default_user.png","""Dr. Paulo Eder is a kind, compassionate and knowledgeable","","https://www.facebook.com/petlink10thAveCaloocan","","Directions","","vet","."""
"https://www.google.com/maps/place/Celebrity+Pet+Veterinary+Clinic/data=!4m7!3m6!1s0x3397b9e30376dc45:0x15b0ee1625ecd62d!8m2!3d14.6642664!4d121.0703384!16s%2Fg%2F1pzsy2hs8!19sChIJRdx2A-O5lzMRLdbsJRbusBU?authuser=0&hl=en&rclk=1","Celebrity Pet Veterinary Clinic","4.8","(41)","Veterinarian","·","691 Tandang Sora Ave","·","Closed","","(02) 8931 8243","","Website","https://ssl.gstatic.com/local/servicebusiness/default_user.png","""Doc Cortes and her team are the loveliest and best crew for your dog’s care.""","","https://www.sweetpew.com/en/ph/celebrity-pet-veterinary-clinic","","Directions","· Opens 9 AM","",""
"https://www.google.com/maps/place/CVMAS+-+College+of+Veterinary+Medicine+%26+Agricultural+Science/data=!4m7!3m6!1s0x3397b6a2b48fb219:0x523e78d214029799!8m2!3d14.670432!4d120.999128!16s%2Fg%2F11c5blg60n!19sChIJGbKPtKK2lzMRmZcCFNJ4PlI?authuser=0&hl=en&rclk=1","CVMAS - College of Veterinary Medicine & Agricultural Science","1.0","(1)","Academic department","·","80 Victoneta Ave","","","","","","Directions","","","","","","","","",""
"https://www.google.com/maps/place/Animal+World+Pet+Clinic/data=!4m7!3m6!1s0x3397b09dd7dc83d3:0x3228afc65c5c661!8m2!3d14.7053244!4d121.0769264!16s%2Fg%2F11bw218d_y!19sChIJ04Pc152wlzMRYcbFZfyKIgM?authuser=0&hl=en&rclk=1","Animal World Pet Clinic","4.9","(8)","Hospital","·","73 170, Greater Fairview","Closed","· Opens 9 AM","·","(02) 8399 9534","","Directions","https://ssl.gstatic.com/local/servicebusiness/default_user.png","""Highly recommended yung clinic to everyone.""","","","","","","",""
"https://www.google.com/maps/place/Vetsharp+Animal+Clinic+-+Columbia+Cubao/data=!4m7!3m6!1s0x3397b7dd13535d03:0x95ce550626db9f2a!8m2!3d14.6258171!4d121.0541307!16s%2Fg%2F11j5j_rdnj!19sChIJA11TE923lzMRKp_bJgZVzpU?authuser=0&hl=en&rclk=1","Vetsharp Animal Clinic - Columbia Cubao","4.7","(78)","Animal hospital","·","No. 22 VALP bldg, Columbia st., brgy. E.rodriguez sr, 22 Columbia","Closed","· Opens 9 AM","·","0995 916 8123","","Directions","https://ssl.gstatic.com/local/servicebusiness/default_user.png","""They will provide the best care to your furbabies.""","","","","","","",""
"https://www.google.com/maps/place/Wags+%26+Tails+Veterinary+Clinic+%28+Managed+by+The+Veterinary+Hub+Pte.+Corp.%29/data=!4m7!3m6!1s0x3397b64ad4bc932b:0xe7aa08eb260706b6!8m2!3d14.6258899!4d121.0337258!16s%2Fg%2F12cnz79t1!19sChIJK5O81Eq2lzMRtgYHJusIquc?authuser=0&hl=en&rclk=1","Wags & Tails Veterinary Clinic ( Managed by The Veterinary Hub Pte. Corp.)","4.3","(89)","Animal hospital","·","·","Open 24 hours","","U8,Creekside Square Bldg 74G/F, 74 Tomas Morato Ave","(02) 7745 8131","","Directions","https://ssl.gstatic.com/local/servicebusiness/default_user.png","""Doctors are friendly and explain your pet's condition well.""","","","","","·","",""
"https://www.google.com/maps/place/Ortiz+Veterinary+Clinic/data=!4m7!3m6!1s0x3397b6e6b703ad73:0x735d1065bc9919f6!8m2!3d14.6618589!4d121.0271672!16s%2Fg%2F11c5b2n7wc!19sChIJc60Dt-a2lzMR9hmZvGUQXXM?authuser=0&hl=en&rclk=1","Ortiz Veterinary Clinic","4.6","(36)","Animal hospital","·","cor. 1105, Pangasinan","Closed","· Opens 9 AM","·","(02) 7758 2772","","Directions","https://ssl.gstatic.com/local/servicebusiness/default_user.png","""Experienced doctor""","","","","","","",""
"https://www.google.com/maps/place/Pet+Town+Veterinary+Clinic+and+Pet+Supplies/data=!4m7!3m6!1s0x3397b74361047aa3:0x40a3f1c3b0a7723b!8m2!3d14.6654165!4d121.0661779!16s%2Fg%2F1yfjrcszl!19sChIJo3oEYUO3lzMRO3KnsMPxo0A?authuser=0&hl=en&rclk=1","Pet Town Veterinary Clinic and Pet Supplies","4.5","(32)","Veterinarian","·","c, 75 Tandang Sora Ave","Closed","· Opens 8 AM","·","(02) 8952 6787","","Directions","https://ssl.gstatic.com/local/servicebusiness/default_user.png","""The clinic is clean, pet supplies good quality.""","","","","","","",""
"https://www.google.com/maps/place/Good+Samaritan+Veterinary+Clinic/data=!4m7!3m6!1s0x3397b65686f7f731:0xff657c1a6ab6d027!8m2!3d14.642501!4d121.027242!16s%2Fg%2F11b8yxyh8d!19sChIJMff3hla2lzMRJ9C2ahp8Zf8?authuser=0&hl=en&rclk=1","Good Samaritan Veterinary Clinic","3.1","(39)","Veterinary care","·","Damar, 5 West Avenue Corner Liwayway","Open 24 hours","","·","(02) 8376 5658","","Directions","https://ssl.gstatic.com/local/servicebusiness/default_user.png","""Doc Lito and Doc Sherwin are both very accommodating.""","","","","","","",""
"https://www.google.com/maps/place/FUR-MDS+VETERINARY+CLINIC+AND+GROOMING+CENTER/data=!4m7!3m6!1s0x3397b0f5cc775d13:0xd99839a7240dd33f!8m2!3d14.7183523!4d121.0542468!16s%2Fg%2F11c1rfmkyj!19sChIJE113zPWwlzMRP9MNJKc5mNk?authuser=0&hl=en&rclk=1","FUR-MDS VETERINARY CLINIC AND GROOMING CENTER","4.3","(28)","Veterinarian","·","Geneva Gardens Subdivision, ALX Center L7B176, Commonwealth Ave","Closed","· Opens 9 AM","·","(02) 7001 0255","","Directions","https://ssl.gstatic.com/local/servicebusiness/default_user.png","""Prices for","","","","","","services","very reasonable."""
"https://www.google.com/maps/place/Bido+Veterinary+Clinic/data=!4m7!3m6!1s0x3397b7b0fbef561f:0xb55ecafd3563b94f!8m2!3d14.629728!4d121.0425542!16s%2Fg%2F11bc7sns5d!19sChIJH1bv-7C3lzMRT7ljNf3KXrU?authuser=0&hl=en&rclk=1","Bido Veterinary Clinic","4.5","(100)","Veterinarian","·","·","Mendoza Building, 102-D Kamuning Rd","Closed","·","0917 329 0601","","Website","https://ssl.gstatic.com/local/servicebusiness/default_user.png","""immediate diagnosed and applied","","https://www.facebook.com/BidoVeterinaryClinic/","","Directions","· Opens 8 AM","medication","as needed."""
"https://www.google.com/maps/place/Companion+Animal+Medical+Center/data=!4m7!3m6!1s0x3397b70041c1e9ab:0x376e2340c82225ac!8m2!3d14.6421292!4d121.0267574!16s%2Fg%2F11y6gy53ml!19sChIJq-nBQQC3lzMRrCUiyEAjbjc?authuser=0&hl=en&rclk=1","Companion Animal Medical Center","3.7","(6)","Veterinarian","·","41 A, West Ave","Closed","· Opens 9 AM","·","0917 158 4986","","Directions","https://ssl.gstatic.com/local/servicebusiness/default_user.png","""Very accommodating dogtor and staffs
Thank you for treating our dogs""","","","","","","",""
"https://www.google.com/maps/place/Vets+On+The+Block+Pet+Clinic/data=!4m7!3m6!1s0x3397b6465009cbf5:0x992e90be2809a368!8m2!3d14.6291722!4d121.0201023!16s%2Fg%2F1thr4q1x!19sChIJ9csJUEa2lzMRaKMJKL6QLpk?authuser=0&hl=en&rclk=1","Vets On The Block Pet Clinic","4.6","(171)","Veterinarian","·","·","Closed","· Opens 10 AM","10 Hyacinth St","(02) 8682 2931","","Directions","https://ssl.gstatic.com/local/servicebusiness/default_user.png","""Excellent pricing for","","","","","·","services","."""
"https://www.google.com/maps/place/Vet+Specialists,+Inc./data=!4m7!3m6!1s0x3397b7d3bd1148b9:0xb9ddfb66808da53e!8m2!3d14.609003!4d121.037208!16s%2Fg%2F1w4534dp!19sChIJuUgRvdO3lzMRPqWNgGb73bk?authuser=0&hl=en&rclk=1","Vet Specialists, Inc.","4.9","(17)","Veterinary care","·","J25P+MW4, 28 Granada","","","","(02) 8723 2029","","Directions","","","","","","","","",""
"https://www.google.com/maps/place/Annapolis+Veterinary+Care+Center/data=!4m7!3m6!1s0x3397b7debf777005:0x4a379f019b5ed21c!8m2!3d14.604189!4d121.05195!16s%2Fg%2F11bc7ll_m7!19sChIJBXB3v963lzMRHNJemwGfN0o?authuser=0&hl=en&rclk=1","Annapolis Veterinary Care Center","4.9","(13)","Veterinary care","·","L1, 103A the Victoria , 41 Annapolis Street, West Crame , Eisenhower-CRA , 1504 San Juan , Metro Manila","","","","(02) 8722 4436","","Directions","https://ssl.gstatic.com/local/servicebusiness/default_user.png","""This","","","","","","vet","and her assistants were very kind and patient with my anxious cat!"""
"https://www.google.com/maps/place/Philippine+Veterinary+Medical+Association/data=!4m7!3m6!1s0x3397b79572e123f3:0x1995b36a188ccef2!8m2!3d14.622113!4d121.057797!16s%2Fg%2F1tggl4xx!19sChIJ8yPhcpW3lzMR8s6MGGqzlRk?authuser=0&hl=en&rclk=1","Philippine Veterinary Medical Association","2.3","(3)","Association / Organization","·","Unit 416 Union Square Condominium, 15th Avenue, Cubao 1109","","","","+91 94294 16200","","Website","","","","http://www.pvma.com.ph/","","Directions","","",""
"https://www.google.com/maps/place/Doc+Ferds+Animal+Wellness+Center+UP+Town+Center/data=!4m7!3m6!1s0x3397b7c1ac217b6f:0x13bebe938a40ff71!8m2!3d14.6500223!4d121.0746876!16s%2Fg%2F11f5nk8pgm!19sChIJb3shrMG3lzMRcf9AipO-vhM?authuser=0&hl=en&rclk=1","Doc Ferds Animal Wellness Center UP Town Center","4.1","(72)","Veterinarian","·","·","","","Unit A103, Phase 1, UP Town Center, 216 Katipunan Ave","0920 625 1452","","Directions","https://ssl.gstatic.com/local/servicebusiness/default_user.png","""Doc Ferds and his team saved our lovely Popo.""","","","","","","",""
"https://www.google.com/maps/place/Canine+Veterinary+Clinic/data=!4m7!3m6!1s0x3397b62740946e13:0xf3c79f46efeac084!8m2!3d14.606551!4d121.017492!16s%2Fg%2F11bw3c93wv!19sChIJE26UQCe2lzMRhMDq70afx_M?authuser=0&hl=en&rclk=1","Canine Veterinary Clinic","4.8","(45)","Veterinary care","·","11-A Araneta Ave","Closed","· Opens 8:30 AM","·","(02) 8716 5257","","Directions","https://ssl.gstatic.com/local/servicebusiness/default_user.png","""Dr. Lily Ng is very competent and never misdiagnosed my pets.""","","","","","","",""
"https://www.google.com/maps/place/VetSolutions/data=!4m7!3m6!1s0x3397b700328c2e7d:0xc16f056a2103c226!8m2!3d14.6668683!4d121.042544!16s%2Fg%2F11wfn_xmbz!19sChIJfS6MMgC3lzMRJsIDIWoFb8E?authuser=0&hl=en&rclk=1","VetSolutions","","","Pet supply store","·","G/F Unit 15, Wilcon City Center, 121 Visayas Ave","Closed","· Opens 10 AM","·","0917 124 3728","","Directions","","","","","","","","",""
"https://www.google.com/maps/place/Leysa+Veterinary+Clinic/data=!4m7!3m6!1s0x3397bbff32bd7451:0x309c59ffd82a7c42!8m2!3d14.6856337!4d121.0901774!16s%2Fg%2F11kj_yjcsy!19sChIJUXS9Mv-7lzMRQnwq2P9ZnDA?authuser=0&hl=en&rclk=1","Leysa Veterinary Clinic","4.7","(31)","Medical clinic","·","M3PR+63W, Filinvest 1 Road","·","Closed","","0962 056 6936","","Website","https://ssl.gstatic.com/local/servicebusiness/default_user.png","""He does home visits (seldom do I see a","","http://leysaveterinaryclinic.com/","","Directions","· Opens 8 AM","vet","do this)and charge minimal."""
"https://www.google.com/maps/place/PET+911+VETERINARY+CLINIC+AND+GROOMING+SALON/data=!4m7!3m6!1s0x3397b5cf157b922b:0x7c1df51db8d88ec5!8m2!3d14.6502167!4d120.9834424!16s%2Fg%2F11fhz5rnf4!19sChIJK5J7Fc-1lzMRxY7YuB31HXw?authuser=0&hl=en&rclk=1","PET 911 VETERINARY CLINIC AND GROOMING SALON","4.1","(207)","Animal hospital","·","178 9th Ave","","","","0920 122 8644","","Website","https://ssl.gstatic.com/local/servicebusiness/default_user.png","""Very clear instructions, friendly doctors and staffs""","","https://www.facebook.com/Pet911veterinaryclinicandgroomingsalon/","","Directions","","",""
"https://www.google.com/maps/place/Marikina+Veterinary+Hospital/data=!4m7!3m6!1s0x3397b9ca7a03af15:0xf000a3d3da801372!8m2!3d14.6374472!4d121.1018491!16s%2Fg%2F11cs49yjf1!19sChIJFa8Desq5lzMRchOA2tOjAPA?authuser=0&hl=en&rclk=1","Marikina Veterinary Hospital","3.8","(295)","Veterinarian","·","·","6 Mayor Gil Fernando Ave","Open 24 hours","·","0917 327 7076","","Website","https://ssl.gstatic.com/local/servicebusiness/default_user.png","""Good","","http://www.facebook.com/MarikinaVeterinaryHospital","","Directions","","medical vet","skills and compassionate"""
"https://www.google.com/maps/place/Pet+House+Veterinary+Hospital+for+Dogs+-+Maginhawa/data=!4m7!3m6!1s0x3397b79ec1995d93:0xe3471fa458f0ad77!8m2!3d14.6363808!4d121.0609166!16s%2Fg%2F11gzgd5sx!19sChIJk12ZwZ63lzMRd63wWKQfR-M?authuser=0&hl=en&rclk=1","Pet House Veterinary Hospital for Dogs - Maginhawa","4.2","(213)","Veterinarian","·","·","131-B, Ext, 1101 V. Luna Ave","Closed","·","(02) 7255 5077","","Website","https://ssl.gstatic.com/local/servicebusiness/default_user.png","""Staff &","","http://pethouse.com.ph/","","Directions","· Opens 9 AM","Vet","doctor really easy to get along with."""
"https://www.google.com/maps/place/Los+Animales+Veterinary+Clinic+and+Petshop/data=!4m7!3m6!1s0x3397b797a6b19d11:0x9d49cc0ea66a843b!8m2!3d14.6365343!4d121.0181736!16s%2Fg%2F11fj754wgm!19sChIJEZ2xppe3lzMRO4Rqpg7MSZ0?authuser=0&hl=en&rclk=1","Los Animales Veterinary Clinic and Petshop","4.0","(147)","Pet store","·","119 Fernando Poe Jr. Ave","Open 24 hours","","·","0977 374 9535","","Directions","https://ssl.gstatic.com/local/servicebusiness/default_user.png","""","","","","","","Vet","fee is reasonable and meds given were very effective."""
"https://www.google.com/maps/place/Mindz+Pet+Canine+Distemper+Rehabilitation+Center/data=!4m7!3m6!1s0x3397b50a8c272699:0x3d095edf70e0d550!8m2!3d14.6269887!4d120.970473!16s%2Fg%2F11vwrwxjj2!19sChIJmSYnjAq1lzMRUNXgcN9eCT0?authuser=0&hl=en&rclk=1","Mindz Pet Canine Distemper Rehabilitation Center","5.0","(9)","Emergency veterinarian service","·","Gagalangin, 512 Del Fierro St","·","Open 24 hours","","0977 347 1750","","Website","https://ssl.gstatic.com/local/servicebusiness/default_user.png","""You can contact them to their phone number here in google.""","","https://www.facebook.com/profile.php?id=61557900246789&mibextid=LQQJ4d","","Directions","","",""
"https://www.google.com/maps/place/MV+FurPet+Hub/data=!4m7!3m6!1s0x3397b76a767f0bc5:0x25e3f0541c72d280!8m2!3d14.6704504!4d121.0234805!16s%2Fg%2F11sh79bd8z!19sChIJxQt_dmq3lzMRgNJyHFTw4yU?authuser=0&hl=en&rclk=1","MV FurPet Hub","5.0","(9)","Pet store","·","20 Jacquiline J. Kennedy","Open 24 hours","","·","0927 049 4827","","Directions","https://ssl.gstatic.com/local/servicebusiness/default_user.png","""No fake products""","","","","","","",""
"https://www.google.com/maps/place/The+Pet+Project+Vet+Clinic/data=!4m7!3m6!1s0x3397b7d5bb9540d3:0xef1d7924493bcf7!8m2!3d14.6028089!4d121.0272451!16s%2Fg%2F11cktgttqx!19sChIJ00CVu9W3lzMR97yTRJLX8Q4?authuser=0&hl=en&rclk=1","The Pet Project Vet Clinic","4.7","(201)","Veterinarian","·","16 Regidor","·","Closed","","(02) 7508 5838","","Website","https://ssl.gstatic.com/local/servicebusiness/default_user.png","""Diagnosis, surgery, and proper treatment was done.""","","http://www.facebook.com/thePETPROJECTvetclinic","","Directions","· Opens 10 AM","",""
"https://www.google.com/maps/place/ASJP+Veterinary+Clinic/data=!4m7!3m6!1s0x3397b7a2475d07e7:0x8de645b8c7b2193c!8m2!3d14.634751!4d121.0544639!16s%2Fg%2F11c3ty838j!19sChIJ5wddR6K3lzMRPBmyx7hF5o0?authuser=0&hl=en&rclk=1","ASJP Veterinary Clinic","4.2","(94)","Veterinarian","·","·","14 A-B Kalayaan Ave","Closed","·","(02) 8921 8894","","Website","https://ssl.gstatic.com/local/servicebusiness/default_user.png","""Good service and reasonable price 👍""","","http://www.facebook.com/pages/Asjp-Vererinary-Clinic/1375836309340648","","Directions","· Opens 10 AM","",""
"https://www.google.com/maps/place/Furry+Friends+Animal+Clinic+and+Grooming/data=!4m7!3m6!1s0x3397b69bcb412a15:0xde86aad14dd36c8f!8m2!3d14.6641957!4d120.9960435!16s%2Fg%2F11c1qst32n!19sChIJFSpBy5u2lzMRj2zTTdGqht4?authuser=0&hl=en&rclk=1","Furry Friends Animal Clinic and Grooming","4.9","(17)","Animal hospital","·","78 Malolos Ave","·","Closed","","0925 899 7811","","Website","https://ssl.gstatic.com/local/servicebusiness/default_user.png","""Serice is complete and the doctor has several staff to assist him.""","","https://m.facebook.com/furryfriendsanimalclinic/","","Directions","· Opens 8 AM","",""
"https://www.google.com/maps/place/Stella%E2%80%99s+Animal+Clinic/data=!4m7!3m6!1s0x3397b74df92bfebb:0x15963ffcb0d39071!8m2!3d14.6229701!4d121.0711869!16s%2Fg%2F11fl5n0kkw!19sChIJu_4r-U23lzMRcZDTsPw_lhU?authuser=0&hl=en&rclk=1","Stella’s Animal Clinic","4.6","(29)","Veterinarian","·","Unit 25 Emerald Square, P. Tuazon Blvd, corner JP Rizal St","Closed","· Opens 10 AM","·","0916 643 7127","","Directions","https://ssl.gstatic.com/local/servicebusiness/default_user.png","""","","","","","","Services","and"
"https://www.google.com/maps/place/Vet+Central+Lab+Philippines,+Inc/data=!4m7!3m6!1s0x3397c9e9689dfdd9:0x61dabda5a857c739!8m2!3d14.601325!4d121.0281857!16s%2Fg%2F11h1drqjsm!19sChIJ2f2daOnJlzMROcdXqKW92mE?authuser=0&hl=en&rclk=1","Vet Central Lab Philippines, Inc","5.0","(4)","Laboratory","·","Unit B Ground Floor One Roxas Square #1 F Roxas, corner F. Blumentritt","Closed","· Opens 9 AM","·","(02) 8252 5081","","Directions","","","","","","","","",""
"https://www.google.com/maps/place/Animal+House+Clinic/data=!4m7!3m6!1s0x3397b66f84c5f9cd:0xdf025c224c72086f!8m2!3d14.6382616!4d121.0014184!16s%2Fg%2F1tm_zrnj!19sChIJzfnFhG-2lzMRbwhyTCJcAt8?authuser=0&hl=en&rclk=1","Animal House Clinic","3.8","(164)","Veterinarian","·","360, 1100 Del Monte Ave","Closed","· Opens 8 AM","·","(02) 8742 3810","","Directions","https://ssl.gstatic.com/local/servicebusiness/default_user.png","""good selection of pet items,","","","","","","medicine","and food

well lighted areas."""
"https://www.google.com/maps/place/Pet+House+Veterinary+Clinic+-+Don+Antonio/data=!4m7!3m6!1s0x3397bb999e1af7e7:0x97addc3a7c6be855!8m2!3d14.685877!4d121.0770499!16s%2Fg%2F11j086my3m!19sChIJ5_canpm7lzMRVehrfDrcrZc?authuser=0&hl=en&rclk=1","Pet House Veterinary Clinic - Don Antonio","4.1","(63)","Veterinarian","·","·","13-J Holy Spirit Dr","Closed","·","(02) 7744 2432","","Website","https://ssl.gstatic.com/local/servicebusiness/default_user.png","""The","","http://www.pethouse.com.ph/","","Directions","· Opens 9 AM","medication","they prescribe is available in-house."""
"https://www.google.com/maps/place/Dogs+N+Us+Pet+Supplies+%26+Vet+Clinic/data=!4m7!3m6!1s0x3397b671419e250d:0x25b32df19bbc57eb!8m2!3d14.6228607!4d121.0001713!16s%2Fg%2F11b8_dyvrq!19sChIJDSWeQXG2lzMR61e8m_EtsyU?authuser=0&hl=en&rclk=1","Dogs N Us Pet Supplies & Vet Clinic","4.6","(19)","Veterinary care","·","·","Closed","· Opens 9 AM","50-12, 50 C Kanlaon St","0935 334 9433","","Directions","https://ssl.gstatic.com/local/servicebusiness/default_user.png","""Very friendly people,reliable staff.""","","","","","·","",""
"https://www.google.com/maps/place/Doc+Gab+Neuter+and+Wellness+Center/data=!4m7!3m6!1s0x3397b193ec835755:0x760683436c03f541!8m2!3d14.6865942!4d121.0721727!16s%2Fg%2F11s4szlwy9!19sChIJVVeD7JOxlzMRQfUDbEODBnY?authuser=0&hl=en&rclk=1","Doc Gab Neuter and Wellness Center","3.7","(13)","Pet store","·","30 Sampaguita Ave","Closed","· Opens 10 AM Wed","","","","Directions","https://ssl.gstatic.com/local/servicebusiness/default_user.png","""had a low cost kapon here, thank you doc!""","","","","","","",""
"https://www.google.com/maps/place/Pet+Bureaux/data=!4m7!3m6!1s0x3397b670418b6d27:0xdc89f15abd7486d9!8m2!3d14.6380405!4d120.9973511!16s%2Fg%2F11bw21llqh!19sChIJJ22LQXC2lzMR2YZ0vVrxidw?authuser=0&hl=en&rclk=1","Pet Bureaux","4.3","(129)","Veterinarian","·","185 A Del Monte Ave","Closed","· Opens 9 AM","·","(02) 8365 9917","","Directions","https://ssl.gstatic.com/local/servicebusiness/default_user.png","""The","","","","","","vet","assistants are also knowledgeable, friendly and accomodating."""
"https://www.google.com/maps/place/Woodhouse+Animal+Clinic/data=!4m7!3m6!1s0x3397b583c96259eb:0x366c9e17a2671397!8m2!3d14.6730029!4d120.9841999!16s%2Fg%2F11trf7tlkf!19sChIJ61liyYO1lzMRlxNnoheebDY?authuser=0&hl=en&rclk=1","Woodhouse Animal Clinic","5.0","(2)","Veterinarian","·","259 Liwayway","·","Closed","","0966 304 5848","","Website","https://ssl.gstatic.com/local/servicebusiness/default_user.png","""The doctor here is nice and cares for my cats wellbeing.""","","https://www.facebook.com/profile.php?id=100088510392718","","Directions","· Opens 10 AM","",""
"https://www.google.com/maps/place/Animal+Supplement+and+Pharmaceutical+Philippines+Inc/data=!4m7!3m6!1s0x3397b7a69f26866d:0xb8a2e1a00e387cf1!8m2!3d14.6372785!4d121.0491433!16s%2Fg%2F1tscljb4!19sChIJbYYmn6a3lzMR8Xw4DqDhorg?authuser=0&hl=en&rclk=1","Animal Supplement and Pharmaceutical Philippines Inc","","","Pharmaceutical company","·","22 V. Luna Ave","·","Closed","","(02) 8990 1247","","Website","","","","http://www.vetproducts.co.th/","","Directions","· Opens 8:30 AM","",""
"https://www.google.com/maps/place/My+Pet+Doctor+PH/data=!4m7!3m6!1s0x3397b79325fd77e3:0x511a53d571ac82c4!8m2!3d14.60468!4d121.022342!16s%2Fg%2F11nx1m27mh!19sChIJ43f9JZO3lzMRxIKscdVTGlE?authuser=0&hl=en&rclk=1","My Pet Doctor PH","4.9","(79)","Veterinarian","·","59, 1500 N. Domingo","·","Closed","","(02) 7943 7368","","Website","https://ssl.gstatic.com/local/servicebusiness/default_user.png","""The homeopathic","","https://www.facebook.com/mypetdoctorph/","","Directions","· Opens 9 AM","medicines","she prescribed were also effective!"""
"https://www.google.com/maps/place/NovaVets+Animal+Clinic+And+Grooming+Center/data=!4m7!3m6!1s0x3397b053304da833:0xe3807eb1a8ee6078!8m2!3d14.7341772!4d121.0339563!16s%2Fg%2F11c6dzj6v6!19sChIJM6hNMFOwlzMReGDuqLF-gOM?authuser=0&hl=en&rclk=1","NovaVets Animal Clinic And Grooming Center","4.0","(24)","Animal hospital","·","170 Susano Rd","·","Closed","","(02) 7756 5037","","Website","https://ssl.gstatic.com/local/servicebusiness/default_user.png","""They truly have the heart for pets and fur babies.""","","https://free.facebook.com/NovaVetsph/?refid=46&__xts__[0]=12.%7B%22unit_id_click_type%22:%22graph_search_results_item_tapped%22,%22click_type%22:%22result%22,%22module_id%22:1,%22result_id%22:1412431208790087,%22session_id%22:%227062c4b0d10dec55e0addb08c98989a4%22,%22module_role%22:%22ENTITY_PLACES%22,%22unit_id%22:%22browse_rl:133d10a3-7dae-58cb-6c71-69186b2fdf8c%22,%22browse_result_type%22:%22browse_type_page%22,%22unit_id_result_id%22:1412431208790087,%22module_result_position%22:0%7D","","Directions","· Opens 8 AM","",""
"https://www.google.com/maps/place/Ace+Veterinary+Clinic+-+Batasan/data=!4m7!3m6!1s0x3397ba16db8b5813:0x7b1ce18a2a0e696b!8m2!3d14.6897078!4d121.0976151!16s%2Fg%2F1pzsmjgm6!19sChIJE1iL2xa6lzMRa2kOKorhHHs?authuser=0&hl=en&rclk=1","Ace Veterinary Clinic - Batasan","3.7","(115)","Veterinarian","·","7 Constitutional Rd","Closed","· Opens 9 AM","·","(02) 8285 1644","","Directions","https://ssl.gstatic.com/local/servicebusiness/default_user.png","""Pretty good","","","","","","vet","that doesn't milk money out of you."""
"https://www.google.com/maps/place/Pets+Vet+Express+Veterinary+Clinic/data=!4m7!3m6!1s0x3397b7bca0051da5:0xc69bd4f8173f49a3!8m2!3d14.6466222!4d121.0592472!16s%2Fg%2F11kmm_ngbr!19sChIJpR0FoLy3lzMRo0k_F_jUm8Y?authuser=0&hl=en&rclk=1","Pets Vet Express Veterinary Clinic","3.9","(36)","Veterinarian","·","44c Magiting","","","","0917 802 3447","","Directions","https://ssl.gstatic.com/local/servicebusiness/default_user.png","""Doc Napoleon was very nice and helpful in assessing how to help our cat.""","","","","","","",""
"https://www.google.com/maps/place/Vetsharp+Animal+Clinic+P.+Tuazon/data=!4m7!3m6!1s0x3397b7d6c30cef3d:0xe93f383c051e1e5c!8m2!3d14.6205277!4d121.0603517!16s%2Fg%2F11rcyfnfp6!19sChIJPe8Mw9a3lzMRXB4eBTw4P-k?authuser=0&hl=en&rclk=1","Vetsharp Animal Clinic P. Tuazon","4.7","(29)","Veterinarian","·","273 Unit B P. Tuazon Blvd","Closed","· Opens 9 AM","·","0995 355 5168","","Directions","https://ssl.gstatic.com/local/servicebusiness/default_user.png","""Service and meds are affordable.""","","","","","","",""
"https://www.google.com/maps/place/Romy+Retail+Veterinary+Medicines/data=!4m7!3m6!1s0x3397b5fd87339481:0xdd67cc9a1bfe962!8m2!3d14.6171465!4d120.9875158!16s%2Fg%2F11xw1d6zw!19sChIJgZQzh_21lzMRYum_ocl81g0?authuser=0&hl=en&rclk=1","Romy Retail Veterinary Medicines","5.0","(1)","Pharmacy","·","1808 Consuelo St","","","","","","Directions","","","","","","","","",""
"https://www.google.com/maps/place/Pet+Aid+Veterinary+Clinic+-+Roces/data=!4m7!3m6!1s0x3397b74128494d35:0x9a8ff9e75558925b!8m2!3d14.6293954!4d121.0298364!16s%2Fg%2F11t0swbp9s!19sChIJNU1JKEG3lzMRW5JYVef5j5o?authuser=0&hl=en&rclk=1","Pet Aid Veterinary Clinic - Roces","4.0","(13)","Veterinarian","·","94 Don A. Roces Ave","Closed","· Opens 9 AM","·","0945 129 1615","","Directions","https://ssl.gstatic.com/local/servicebusiness/default_user.png","""Clean & affordable consultation fee, the","","","","","","vet","is very accomodating"""
"https://www.google.com/maps/place/ANS+Animal+Clinic/data=!4m7!3m6!1s0x3397b1b212f965bf:0x6dc9cd6c07849dc6!8m2!3d14.7391622!4d121.0282445!16s%2Fg%2F11csqthzyx!19sChIJv2X5ErKxlzMRxp2EB2zNyW0?authuser=0&hl=en&rclk=1","ANS Animal Clinic","4.6","(102)","Animal hospital","·","81 Deparo Rd","Closed","· Opens 9 AM","·","0917 117 4105","","Directions","https://ssl.gstatic.com/local/servicebusiness/default_user.png","""Accommodating staff & doctor""","","","","","","",""
"https://www.google.com/maps/place/Pet+House+Veterinary+Clinic+-+Timog/data=!4m7!3m6!1s0x3397b7adea322821:0xf56e7ce374e5eda6!8m2!3d14.6342235!4d121.0303958!16s%2Fg%2F11bzvwjdlw!19sChIJISgy6q23lzMRpu3ldON8bvU?authuser=0&hl=en&rclk=1","Pet House Veterinary Clinic - Timog","4.3","(83)","Veterinarian","·","36-D Sct. Limbaga St","·","Closed","","(02) 7621 8387","","Website","https://ssl.gstatic.com/local/servicebusiness/default_user.png","""","","http://pethouse.com.ph/","","Directions","· Opens 9 AM","Vet","and staff are very well trained."""
"https://www.google.com/maps/place/Champz+Veterinary+Clinic/data=!4m7!3m6!1s0x3397b0ed593ea9cd:0x38c406d77eff2ba3!8m2!3d14.7133867!4d121.0554114!16s%2Fg%2F11y436bz96!19sChIJzak-We2wlzMRoyv_ftcGxDg?authuser=0&hl=en&rclk=1","Champz Veterinary Clinic","4.0","(4)","Veterinarian","·","N Labayani","Closed","· Opens 9 AM","","","","Directions","https://ssl.gstatic.com/local/servicebusiness/default_user.png","""Surgical clinic with more than 30 years experience""","","","","","","",""
"https://www.google.com/maps/place/Dr.+Mayem+Yao/data=!4m7!3m6!1s0x3397b70af7738603:0xfbc86931c16da6eb!8m2!3d14.643258!4d121.053779!16s%2Fg%2F1pzsy2hq9!19sChIJA4Zz9wq3lzMR66ZtwTFpyPs?authuser=0&hl=en&rclk=1","Dr. Mayem Yao","","","Veterinary care","·","107A, Room 203 Amaremca Building, Kalayaan Avenue, Diliman","","","","(02) 8259 7642","","Website","","","","http://www.pendragonvet.com/about.html","","Directions","","",""
"https://www.google.com/maps/place/Dr.+Pet+Animal+Clinic/data=!4m7!3m6!1s0x3397b65d9e190459:0x62c8008fe0ca6a5d!8m2!3d14.6398881!4d121.0117474!16s%2Fg%2F11b8_2992m!19sChIJWQQZnl22lzMRXWrK4I8AyGI?authuser=0&hl=en&rclk=1","Dr. Pet Animal Clinic","3.7","(51)","Animal hospital","·","·","203 Del Monte Ave","","","(02) 3411 2339","","Website","https://ssl.gstatic.com/local/servicebusiness/default_user.png","""The doctor and the staff were very friendly and helpful.""","","https://blogdothellozigdotcom2.wordpress.com/2015/07/27/drpet-animalclinic/","","Directions","","",""
"https://www.google.com/maps/place/Vetfront+Animal+Wellness+Center/data=!4m7!3m6!1s0x3397b7735413f497:0xea1aedfb5eea5321!8m2!3d14.6161914!4d120.9911879!16s%2Fg%2F11f7945_md!19sChIJl_QTVHO3lzMRIVPqXvvtGuo?authuser=0&hl=en&rclk=1","Vetfront Animal Wellness Center","4.2","(59)","Veterinarian","·","·","1764 Laong Laan Rd","Closed","·","0927 835 3189","","Website","https://ssl.gstatic.com/local/servicebusiness/default_user.png","""The doctors do whole and beyond their capabilities to keep your pet healthy.""","","http://www.facebook.com/VetfrontPH","","Directions","· Opens 9 AM","",""
"https://www.google.com/maps/place/Citivet+Veterinary+Clinic+%26+Pet+Supply+Co/data=!4m7!3m6!1s0x3397b6069baef467:0xa373113dd1c886f7!8m2!3d14.6169436!4d120.9939887!16s%2Fg%2F11zxsjbj5!19sChIJZ_Sumwa2lzMR94bI0T0Rc6M?authuser=0&hl=en&rclk=1","Citivet Veterinary Clinic & Pet Supply Co","4.4","(171)","Veterinarian","·","·","Closed","· Opens 9 AM","1913 Dapitan St","0919 253 2080","","Directions","https://ssl.gstatic.com/local/servicebusiness/default_user.png","""Really caring","","","","","·","vet",", with"
"https://www.google.com/maps/place/VetSolutions+Xavierville/data=!4m7!3m6!1s0x3397b76f7d28f4d3:0x7b85dae186ccc367!8m2!3d14.6347934!4d121.0704798!16s%2Fg%2F11gr16z_5g!19sChIJ0_QofW-3lzMRZ8PMhuHahXs?authuser=0&hl=en&rclk=1","VetSolutions Xavierville","4.5","(14)","Pet store","·","76 Xavierville Ave","·","Closed","","0917 124 8523","","Website","","","","http://www.vetsolutionsph.com/","","Directions","· Opens 10 AM","",""
"https://www.google.com/maps/place/Noahs+Ark+Pet+Wellness+Center+-+Veterinarian/data=!4m7!3m6!1s0x3397b7be74f10de5:0x365cd15a7fe8eeed!8m2!3d14.6616784!4d120.9900505!16s%2Fg%2F11sfy73l64!19sChIJ5Q3xdL63lzMR7e7of1rRXDY?authuser=0&hl=en&rclk=1","Noahs Ark Pet Wellness Center - Veterinarian","4.9","(279)","Veterinarian","·","362 General Tinio","·","Closed","","0966 214 0828","","Website","https://ssl.gstatic.com/local/servicebusiness/default_user.png","""The","","http://www.noahsarkpetwellness.com/","","Directions","· Opens 8 AM","vet","was knowledgeable and genuinely cared about my pet's well-being."""
"https://www.google.com/maps/place/Little+Hoomans+Veterinary+Clinic/data=!4m7!3m6!1s0x3397b126739945a1:0x946b98d522711a6e!8m2!3d14.7221835!4d121.0671733!16s%2Fg%2F11rg_k7gj6!19sChIJoUWZcyaxlzMRbhpxItWYa5Q?authuser=0&hl=en&rclk=1","Little Hoomans Veterinary Clinic","5.0","(8)","Veterinarian","·","B28 Lot, Lot 12 A Ascension Ave","Closed","· Opens 9 AM","·","0977 346 7721","","Directions","https://ssl.gstatic.com/local/servicebusiness/default_user.png","""Good service and affordable.""","","","","","","",""
"https://www.google.com/maps/place/Philippine+College+Of+Canine+Practitioners/data=!4m7!3m6!1s0x3397b0681dd25797:0xf0579a0bf6f65c78!8m2!3d14.7350778!4d121.0566099!16s%2Fg%2F1pzy05qy5!19sChIJl1fSHWiwlzMReFz29guaV_A?authuser=0&hl=en&rclk=1","Philippine College Of Canine Practitioners","","","College","·","1170 Quirino Street, Novaliches","","","","(02) 3417 7469","","Directions","","","","","","","","",""
"https://www.google.com/maps/place/VETCARE+PLUS+Veterinary+Clinic/data=!4m7!3m6!1s0x3397ca0813b66679:0xa2e525b2e3d637b2!8m2!3d14.6104658!4d120.9750795!16s%2Fg%2F11h10s0xkf!19sChIJeWa2EwjKlzMRsjfW47Il5aI?authuser=0&hl=en&rclk=1","VETCARE PLUS Veterinary Clinic","4.8","(60)","Veterinarian","·","·","1440 Narra St","Closed","·","(02) 8711 7229","","Website","https://ssl.gstatic.com/local/servicebusiness/default_user.png","""Very affordable price unlike those in benavidez and mayhaligue","","http://www.facebook.com/VetCarePlus.VCP/","","Directions","· Opens 9 AM","vet","clinics."""
"https://www.google.com/maps/place/INFINNOMED+ENTERPRISE/data=!4m7!3m6!1s0x3397ba001dc4ec09:0x3eb491fad126343b!8m2!3d14.6789056!4d121.0803458!16s%2Fg%2F11cn3pj27b!19sChIJCezEHQC6lzMROzQm0fqRtD4?authuser=0&hl=en&rclk=1","INFINNOMED ENTERPRISE","5.0","(1)","Importer","·","27C Mario Street Don Victorino cor. Don, Don Antonio Dr","·","Closed","","(02) 7738 6609","","Website","","","","https://www.facebook.com/infinnomed/","","Directions","· Opens 8 AM","",""
"https://www.google.com/maps/place/Santa+Ana+Animal+Health+Clinic/data=!4m7!3m6!1s0x3397c9be5fb98837:0x67aa94a8667e0265!8m2!3d14.5815245!4d121.0132296!16s%2Fg%2F1pxq6zddc!19sChIJN4i5X77JlzMRZQJ-ZqiUqmc?authuser=0&hl=en&rclk=1","Santa Ana Animal Health Clinic","4.4","(210)","Animal hospital","·","·","Closed","· Opens 9 AM","CFA Building, 2259 Calderon","(02) 8241 7224","","Directions","https://ssl.gstatic.com/local/servicebusiness/default_user.png","""With reasonable pricing and top-tier","","","","","·","veterinary","service, Sta."""
"https://www.google.com/maps/place/Aso,+Pusa+ATBP.+Animal+Shelter+and+Veterinary+Services/data=!4m7!3m6!1s0x3397b62ac9d50435:0x84da3fbdf035fd75!8m2!3d14.6044901!4d121.0328231!16s%2Fg%2F11bw5_8hyh!19sChIJNQTVySq2lzMRdf018L0_2oQ?authuser=0&hl=en&rclk=1","Aso, Pusa ATBP. Animal Shelter and Veterinary Services","4.5","(52)","Veterinary care","·","1 P. Guevarra St","Closed","· Opens 8 AM","·","(02) 8254 5580","","Directions","https://ssl.gstatic.com/local/servicebusiness/default_user.png","""The vets are very professional and efficient, cost of","","","","","","services","is reasonable"""
"https://www.google.com/maps/place/North+Harbour+Veterinary+Clinic/data=!4m7!3m6!1s0x3397cb7122314f7b:0xd359b1922e5365a!8m2!3d14.608549!4d120.9614003!16s%2Fg%2F11vcxvt5hw!19sChIJe08xInHLlzMRWjblIhmbNQ0?authuser=0&hl=en&rclk=1","North Harbour Veterinary Clinic","4.2","(62)","Veterinarian","·","1260 Mabuhay Street, R-10","Open 24 hours","","·","0936 784 4541","","Directions","https://ssl.gstatic.com/local/servicebusiness/default_user.png","""Doctors are knowledgeable and reliable.""","","","","","","",""
"https://www.google.com/maps/place/House+of+Puppies+Veterinary+Clinic+and+Grooming+Salon/data=!4m7!3m6!1s0x3397b09be1a35bc1:0xd5a1438ea92865c4!8m2!3d14.7061031!4d121.0723732!16s%2Fg%2F11clvynzvs!19sChIJwVuj4ZuwlzMRxGUoqY5DodU?authuser=0&hl=en&rclk=1","House of Puppies Veterinary Clinic and Grooming Salon","4.2","(34)","Veterinarian","·","Reylilia Building Commonwealth Ave, corner Mercury","·","Closed","","0933 861 3959","","Website","https://ssl.gstatic.com/local/servicebusiness/default_user.png","""The Vets are very friendly and hands-on.""","","http://www.facebook.com/houseofpuppies","","Directions","· Opens 9 AM","",""
"https://www.google.com/maps/place/Animal+House/data=!4m7!3m6!1s0x3397b7ceb396495d:0xf8a6ffacdb578dc1!8m2!3d14.6169972!4d121.0397294!16s%2Fg%2F1tpg_80x!19sChIJXUmWs863lzMRwY1X26z_pvg?authuser=0&hl=en&rclk=1","Animal House","1.9","(99)","Veterinary care","·","J28Q+QVX New Manila","Closed","· Opens 8 AM","·","(02) 8726 8112","","Directions","https://ssl.gstatic.com/local/servicebusiness/default_user.png","""Staffs very all friendly as well as the","","","","","","vet","doctor."""
"https://www.google.com/maps/place/Tolentino%27s+Animal+Clinic+and+Grooming+Center/data=!4m7!3m6!1s0x3397b5dd70bb1101:0xab2f2d7b28c7fb45!8m2!3d14.632427!4d120.97861!16s%2Fg%2F11ckqnb770!19sChIJARG7cN21lzMRRfvHKHstL6s?authuser=0&hl=en&rclk=1","Tolentino's Animal Clinic and Grooming Center","4.2","(50)","Animal hospital","·","·","Center, Hermosa Arcade, 3067 Molave St","Closed","·","(02) 8281 4502","","Website","https://ssl.gstatic.com/local/servicebusiness/default_user.png","""Knowledgeable vets and accommodating staff.""","","https://www.facebook.com/tolentinosanimalclinic","","Directions","· Opens 9 AM","",""
"https://www.google.com/maps/place/Majime+Animal+Diagnostic+Laboratory/data=!4m7!3m6!1s0x3397b6521ee523af:0xfe8659d712df0b4c!8m2!3d14.635929!4d121.028005!16s%2Fg%2F11r97b5bb!19sChIJryPlHlK2lzMRTAvfEtdZhv4?authuser=0&hl=en&rclk=1","Majime Animal Diagnostic Laboratory","","","Medical laboratory","·","86, Unit 26 2nd Floor, Landsdale Tower, Mother Ignacia Ave","","","","(02) 8332 8966","","Directions","","","","","","","","",""
"https://www.google.com/maps/place/Furville+Veterinary+Clinic/data=!4m7!3m6!1s0x3397b7922ca67f5d:0x9f33a5494a5dbc50!8m2!3d14.6166432!4d121.0613366!16s%2Fg%2F11g3_fm0km!19sChIJXX-mLJK3lzMRULxdSkmlM58?authuser=0&hl=en&rclk=1","Furville Veterinary Clinic","4.4","(37)","Veterinarian","·","Main Avenue, corner 15th Ave","Closed","· Opens 9 AM","·","29199070","","Directions","https://ssl.gstatic.com/local/servicebusiness/default_user.png","""affordable rates with just","","","","","","services","."""
"https://www.google.com/maps/place/Your+Vets+Animal+Clinic/data=!4m7!3m6!1s0x3397b60300001d5d:0x1033cdcbf1ca31b6!8m2!3d14.6088854!4d121.0037053!16s%2Fg%2F11zrrb7vr!19sChIJXR0AAAO2lzMRtjHK8cvNMxA?authuser=0&hl=en&rclk=1","Your Vets Animal Clinic","4.3","(49)","Veterinary care","·","·","Closed","· Opens 10 AM","2009 Gerardo Tuazon St","(02) 8562 6536","","Directions","https://ssl.gstatic.com/local/servicebusiness/default_user.png","""Prices are reasonable and","","","","","·","medical","service is great."""
"https://www.google.com/maps/place/St+Martin+de+Porres+Animal+Clinic/data=!4m7!3m6!1s0x3397b7d8075b1b65:0x10798fda25644729!8m2!3d14.6195031!4d121.0483095!16s%2Fg%2F11w4b9yqpm!19sChIJZRtbB9i3lzMRKUdkJdqPeRA?authuser=0&hl=en&rclk=1","St Martin de Porres Animal Clinic","5.0","(6)","Animal hospital","·","1111 P. A. Bernardo","·","Closed","","0995 586 2335","","Website","https://ssl.gstatic.com/local/servicebusiness/default_user.png","""very educational and accommodating staffs.""","","https://www.facebook.com/profile.php?id=61562184351753","","Directions","· Opens 9:30 AM","",""
"https://www.google.com/maps/place/AVH+Satellite+Veterinary+Clinic+-+Zabarte/data=!4m7!3m6!1s0xa50c241d291508b5:0x5b7e155b06edfde5!8m2!3d14.7419403!4d121.0466525!16s%2Fg%2F11xf4wvjml!19sChIJtQgVKR0kDKUR5f3tBlsVfls?authuser=0&hl=en&rclk=1","AVH Satellite Veterinary Clinic - Zabarte","4.7","(26)","Veterinarian","·","1255-C1 Zabarte Rd","·","Closed","","0920 279 3689","","Website","https://ssl.gstatic.com/local/servicebusiness/default_user.png","""He is careful and genuinely shows real compassion for our beloved pets.""","","https://www.facebook.com/avhzabarte/","","Directions","· Opens 12 PM","",""
"https://www.google.com/maps/place/Vetopia+Animal+Clinic/data=!4m7!3m6!1s0x3397b8343f27689f:0x5e76d00d7e5884da!8m2!3d14.631151!4d121.0980547!16s%2Fg%2F11bzyxby7d!19sChIJn2gnPzS4lzMR2oRYfg3Qdl4?authuser=0&hl=en&rclk=1","Vetopia Animal Clinic","4.5","(95)","Veterinarian","·","·","238 Shoe Ave","Closed","·","0922 919 7484","","Website","https://ssl.gstatic.com/local/servicebusiness/default_user.png","""Dr ruther Ford is a caring and knowledgeable","","http://vetopia.com.ph/","","Directions","· Opens 9 AM","vet","."""
"https://www.google.com/maps/place/VET+to+PETZ+Veterinary+Clinic/data=!4m7!3m6!1s0x3397b78a05f5eaf5:0xb32f5a0155882104!8m2!3d14.6112697!4d121.0096533!16s%2Fg%2F11ty02ppp2!19sChIJ9er1BYq3lzMRBCGIVQFaL7M?authuser=0&hl=en&rclk=1","VET to PETZ Veterinary Clinic","4.4","(17)","Emergency veterinarian service","·","Unang Hakbang","Closed","· Opens 8 AM","·","0960 246 7809","","Directions","https://ssl.gstatic.com/local/servicebusiness/default_user.png","""thank you","","","","","","vet","to petz"
"https://www.google.com/maps/place/The+Vet+City+Cubao/data=!4m7!3m6!1s0x3397b7ea8efa7baf:0xaf1899da7992e56c!8m2!3d14.6179857!4d121.0573974!16s%2Fg%2F11fx8bw8c_!19sChIJr3v6juq3lzMRbOWSedqZGK8?authuser=0&hl=en&rclk=1","The Vet City Cubao","4.5","(18)","Animal hospital","·","G/F Concession Unit, Prince Gregory Condo., 105 12th Ave., Cubao,","Closed","· Opens 8 AM","·","2836963","","Directions","https://ssl.gstatic.com/local/servicebusiness/default_user.png","""Fast and reliable and they give follow ups""","","","","","","",""
"","","","","","","","","","","","","","","","","","","","","",""